,country,flood_0_total,flood_0_percent,flood_1_total,flood_1_percent,flood_2_total,flood_2_percent,flood_3_total,flood_3_percent,flood_4_total,flood_4_percent,flood_5_total,flood_5_percent,flood_6_total,flood_6_percent,flood_7_total,flood_7_percent,flood_8_total,flood_8_percent,flood_9_total,flood_9_percent,flood_10_total,flood_10_percent,flood_11_total,flood_11_percent,flood_12_total,flood_12_percent,flood_13_total,flood_13_percent,flood_14_total,flood_14_percent,flood_15_total,flood_15_percent,flood_16_total,flood_16_percent,flood_17_total,flood_17_percent,flood_18_total,flood_18_percent,flood_19_total,flood_19_percent,flood_20_total,flood_20_percent,flood_21_total,flood_21_percent,flood_22_total,flood_22_percent,flood_23_total,flood_23_percent
0,Sudan,670.4623,100.0,170.41394,25.417378544807434,102.86788,15.342828631401062,62.288624,9.29039940237999,36.333687,5.419199168682098,20.783033,3.099806420505047,13.770444,2.0538730546832085,9.903422,1.4771035872399807,4.768988,0.7112985011190176,2.177818,0.32482335809618235,1.2299178,0.18344324780628085,0.61788344,0.09215782047249377,0.0,0.0,0.0,0.0,0.0,0.0,0.0,0.0,0.0,0.0,0.0,0.0,0.0,0.0,0.0,0.0,0.0,0.0,0.0,0.0,0.0,0.0,0.0,0.0
1,Angola,463.5347,100.0,1.1170008,0.24097459390759468,0.07526121,0.016236370720434934,0.07526121,0.016236370720434934,0.07526121,0.016236370720434934,0.025819888,0.005570217035710812,0.025819888,0.005570217035710812,0.025819888,0.005570217035710812,0.025819888,0.005570217035710812,0.025819888,0.005570217035710812,0.0,0.0,0.0,0.0,0.0,0.0,0.0,0.0,0.0,0.0,0.0,0.0,0.0,0.0,0.0,0.0,0.0,0.0,0.0,0.0,0.0,0.0,0.0,0.0,0.0,0.0,0.0,0.0
2,Benin,266.04416,100.0,5.497896,2.0665351301431656,1.088926,0.40930272080004215,0.50091386,0.18828222528100014,0.26239997,0.09863022714853287,0.13416408,0.05042925477027893,0.0,0.0,0.0,0.0,0.0,0.0,0.0,0.0,0.0,0.0,0.0,0.0,0.0,0.0,0.0,0.0,0.0,0.0,0.0,0.0,0.0,0.0,0.0,0.0,0.0,0.0,0.0,0.0,0.0,0.0,0.0,0.0,0.0,0.0,0.0,0.0
3,Botswana,138.36377,100.0,0.61093324,0.4415413364768028,0.20986202,0.15167411183938384,0.05962848,0.043095441651530564,0.05962848,0.043095441651530564,0.0,0.0,0.0,0.0,0.0,0.0,0.0,0.0,0.0,0.0,0.0,0.0,0.0,0.0,0.0,0.0,0.0,0.0,0.0,0.0,0.0,0.0,0.0,0.0,0.0,0.0,0.0,0.0,0.0,0.0,0.0,0.0,0.0,0.0,0.0,0.0,0.0,0.0
4,Burkina Faso,167.42374,100.0,0.025819888,0.015421879652421921,0.025819888,0.015421879652421921,0.025819888,0.015421879652421921,0.0,0.0,0.0,0.0,0.0,0.0,0.0,0.0,0.0,0.0,0.0,0.0,0.0,0.0,0.0,0.0,0.0,0.0,0.0,0.0,0.0,0.0,0.0,0.0,0.0,0.0,0.0,0.0,0.0,0.0,0.0,0.0,0.0,0.0,0.0,0.0,0.0,0.0,0.0,0.0
5,Cameroon,1010.1547,100.0,37.545795,3.7168361246585846,27.563683,2.728659473359585,16.247364,1.6084035858511925,10.339658,1.0235716588795185,4.732198,0.4684627056121826,2.0522714,0.20316406153142452,1.4257171,0.1411384902894497,1.1630082,0.11513169156387448,0.99161744,0.09816490346565843,0.95562845,0.09460218716412783,0.95562845,0.09460218716412783,0.6351874,0.06288020522333682,0.4917017,0.04867587995249778,0.27722558,0.027443873113952577,0.24389225,0.024144048802554607,0.025819888,0.0025560329959262162,0.025819888,0.0025560329959262162,0.025819888,0.0025560329959262162,0.025819888,0.0025560329959262162,0.025819888,0.0025560329959262162,0.0,0.0,0.0,0.0,0.0,0.0
6,Cape Verde,17.37902,100.0,0.0,0.0,0.0,0.0,0.0,0.0,0.0,0.0,0.0,0.0,0.0,0.0,0.0,0.0,0.0,0.0,0.0,0.0,0.0,0.0,0.0,0.0,0.0,0.0,0.0,0.0,0.0,0.0,0.0,0.0,0.0,0.0,0.0,0.0,0.0,0.0,0.0,0.0,0.0,0.0,0.0,0.0,0.0,0.0,0.0,0.0
7,Central African Republic,25.03762,100.0,1.5944715,6.368302553892136,1.5944715,6.368302553892136,1.3758903,5.495291575789452,1.3758903,5.495291575789452,0.62349004,2.490212768316269,0.62349004,2.490212768316269,0.273252,1.0913657024502754,0.273252,1.0913657024502754,0.273252,1.0913657024502754,0.0,0.0,0.0,0.0,0.0,0.0,0.0,0.0,0.0,0.0,0.0,0.0,0.0,0.0,0.0,0.0,0.0,0.0,0.0,0.0,0.0,0.0,0.0,0.0,0.0,0.0,0.0,0.0
8,Chad,66.163055,100.0,15.608852,23.59149307012558,6.751536,10.204389691352844,1.1383269,1.7204871401190758,0.40251824,0.6083731073886156,0.40251824,0.6083731073886156,0.040727008,0.061555515276268125,0.025819888,0.03902463067788631,0.025819888,0.03902463067788631,0.0,0.0,0.0,0.0,0.0,0.0,0.0,0.0,0.0,0.0,0.0,0.0,0.0,0.0,0.0,0.0,0.0,0.0,0.0,0.0,0.0,0.0,0.0,0.0,0.0,0.0,0.0,0.0,0.0,0.0
9,Comoros,31.418436,100.0,0.0,0.0,0.0,0.0,0.0,0.0,0.0,0.0,0.0,0.0,0.0,0.0,0.0,0.0,0.0,0.0,0.0,0.0,0.0,0.0,0.0,0.0,0.0,0.0,0.0,0.0,0.0,0.0,0.0,0.0,0.0,0.0,0.0,0.0,0.0,0.0,0.0,0.0,0.0,0.0,0.0,0.0,0.0,0.0,0.0,0.0
10,Congo,109.02711,100.0,6.047269,5.5465735495090485,4.4162326,4.0505822747945786,4.2113376,3.8626518100500107,3.3558936,3.0780360102653503,2.9914794,2.743794210255146,0.99357295,0.9113081730902195,0.8522303,0.7816682569682598,0.7437048,0.6821283604949713,0.4718694,0.43280008248984814,0.4460495,0.40911799296736717,0.2787175,0.2556405495852232,0.05962848,0.05469142342917621,0.05962848,0.05469142342917621,0.02981424,0.027345711714588106,0.02981424,0.027345711714588106,0.02981424,0.027345711714588106,0.02981424,0.027345711714588106,0.02981424,0.027345711714588106,0.02981424,0.027345711714588106,0.02981424,0.027345711714588106,0.02981424,0.027345711714588106,0.02981424,0.027345711714588106,0.02981424,0.027345711714588106
11,Cï¿½te d'Ivoire,1343.3536,100.0,28.03611,2.0870238542556763,20.614428,1.5345496125519276,14.276791,1.0627723298966885,9.481798,0.705830380320549,4.8377075,0.3601216711103916,1.8710073,0.1392788370139897,0.9146542,0.06808737525716424,0.43377414,0.0322903913911432,0.24536732,0.018265281687490642,0.19592601,0.014584841846954077,0.03944053,0.002935975317086559,0.03944053,0.002935975317086559,0.03944053,0.002935975317086559,0.0,0.0,0.0,0.0,0.0,0.0,0.0,0.0,0.0,0.0,0.0,0.0,0.0,0.0,0.0,0.0,0.0,0.0,0.0,0.0
12,Democratic Republic of the Congo,487.92383,100.0,20.02798,4.10473495721817,16.770103,3.437032923102379,9.462407,1.9393205642700195,7.922168,1.6236484050750732,5.4278603,1.1124400421977043,3.6303508,0.7440404966473579,3.2085989,0.6576023995876312,2.4007266,0.49202898517251015,1.8936846,0.3881107084453106,1.6494935,0.3380637150257826,1.2639203,0.25904050562530756,0.8683897,0.17797648906707764,0.45959744,0.09419450652785599,0.45959744,0.09419450652785599,0.45959744,0.09419450652785599,0.4101561,0.0840615015476942,0.4101561,0.0840615015476942,0.2877522,0.058974820422008634,0.2877522,0.058974820422008634,0.01490712,0.0030552146199624985,0.01490712,0.0030552146199624985,0.01490712,0.0030552146199624985,0.01490712,0.0030552146199624985
13,Djibouti,12.673555,100.0,0.0,0.0,0.0,0.0,0.0,0.0,0.0,0.0,0.0,0.0,0.0,0.0,0.0,0.0,0.0,0.0,0.0,0.0,0.0,0.0,0.0,0.0,0.0,0.0,0.0,0.0,0.0,0.0,0.0,0.0,0.0,0.0,0.0,0.0,0.0,0.0,0.0,0.0,0.0,0.0,0.0,0.0,0.0,0.0,0.0,0.0
14,South Sudan,19.144058,100.0,2.9391065,15.352578461170197,2.0466285,10.69067195057869,1.2308017,6.42915740609169,0.36468682,1.9049609079957008,0.28867513,1.507909782230854,0.0,0.0,0.0,0.0,0.0,0.0,0.0,0.0,0.0,0.0,0.0,0.0,0.0,0.0,0.0,0.0,0.0,0.0,0.0,0.0,0.0,0.0,0.0,0.0,0.0,0.0,0.0,0.0,0.0,0.0,0.0,0.0,0.0,0.0,0.0,0.0
15,Equatorial Guinea,48.39783,100.0,0.025819888,0.05334926536306739,0.025819888,0.05334926536306739,0.025819888,0.05334926536306739,0.025819888,0.05334926536306739,0.025819888,0.05334926536306739,0.025819888,0.05334926536306739,0.025819888,0.05334926536306739,0.025819888,0.05334926536306739,0.025819888,0.05334926536306739,0.0,0.0,0.0,0.0,0.0,0.0,0.0,0.0,0.0,0.0,0.0,0.0,0.0,0.0,0.0,0.0,0.0,0.0,0.0,0.0,0.0,0.0,0.0,0.0,0.0,0.0,0.0,0.0
16,Eritrea,13.504559,100.0,1.0831213,8.020412176847458,0.6133696,4.541944712400436,0.0,0.0,0.0,0.0,0.0,0.0,0.0,0.0,0.0,0.0,0.0,0.0,0.0,0.0,0.0,0.0,0.0,0.0,0.0,0.0,0.0,0.0,0.0,0.0,0.0,0.0,0.0,0.0,0.0,0.0,0.0,0.0,0.0,0.0,0.0,0.0,0.0,0.0,0.0,0.0,0.0,0.0
17,Ethiopia,829.4328,100.0,1.3337381,0.1608012244105339,1.3337381,0.1608012244105339,0.45849997,0.0552787387277931,0.45849997,0.0552787387277931,0.45849997,0.0552787387277931,0.45849997,0.0552787387277931,0.45849997,0.0552787387277931,0.45849997,0.0552787387277931,0.45849997,0.0552787387277931,0.0,0.0,0.0,0.0,0.0,0.0,0.0,0.0,0.0,0.0,0.0,0.0,0.0,0.0,0.0,0.0,0.0,0.0,0.0,0.0,0.0,0.0,0.0,0.0,0.0,0.0,0.0,0.0
18,Gabon,140.32475,100.0,7.3213778,5.217452719807625,6.556706,4.672522842884064,6.031115,4.297969490289688,5.585917,3.9807066321372986,4.991275,3.5569455474615097,4.4066687,3.140335902571678,3.081745,2.196151949465275,2.767042,1.9718844443559647,2.419965,1.724546030163765,2.1679556,1.5449559316039085,1.9797682,1.4108474366366863,1.5217787,1.0844691656529903,1.4015937,0.9988213889300823,0.59417826,0.42343083769083023,0.27578363,0.19653241615742445,0.24596938,0.17528581665828824,0.14486438,0.103235081769526,0.12995726,0.09261178784072399,0.12995726,0.09261178784072399,0.0,0.0,0.0,0.0,0.0,0.0,0.0,0.0
19,Gambia,49.684547,100.0,0.4558265,0.9174412116408348,0.4558265,0.9174412116408348,0.0,0.0,0.0,0.0,0.0,0.0,0.0,0.0,0.0,0.0,0.0,0.0,0.0,0.0,0.0,0.0,0.0,0.0,0.0,0.0,0.0,0.0,0.0,0.0,0.0,0.0,0.0,0.0,0.0,0.0,0.0,0.0,0.0,0.0,0.0,0.0,0.0,0.0,0.0,0.0,0.0,0.0
20,Ghana,1357.4983,100.0,16.709822,1.230927649885416,10.447601,0.7696216925978661,6.683126,0.49231192097067833,3.6796684,0.27106248307973146,1.3063669,0.09623341029509902,0.35454208,0.026117311790585518,0.076011695,0.00559939508093521,0.0,0.0,0.0,0.0,0.0,0.0,0.0,0.0,0.0,0.0,0.0,0.0,0.0,0.0,0.0,0.0,0.0,0.0,0.0,0.0,0.0,0.0,0.0,0.0,0.0,0.0,0.0,0.0,0.0,0.0,0.0,0.0
21,Guinea-Bissau,20.885822,100.0,0.0,0.0,0.0,0.0,0.0,0.0,0.0,0.0,0.0,0.0,0.0,0.0,0.0,0.0,0.0,0.0,0.0,0.0,0.0,0.0,0.0,0.0,0.0,0.0,0.0,0.0,0.0,0.0,0.0,0.0,0.0,0.0,0.0,0.0,0.0,0.0,0.0,0.0,0.0,0.0,0.0,0.0,0.0,0.0,0.0,0.0
22,Guinea,213.74928,100.0,3.9317489,1.8394207581877708,3.2307005,1.5114438720047474,2.6720734,1.250096969306469,2.2056804,1.0319007560610771,1.9389195,0.907099898904562,0.47949257,0.22432475816458464,0.07888106,0.036903543514199555,0.07888106,0.036903543514199555,0.0,0.0,0.0,0.0,0.0,0.0,0.0,0.0,0.0,0.0,0.0,0.0,0.0,0.0,0.0,0.0,0.0,0.0,0.0,0.0,0.0,0.0,0.0,0.0,0.0,0.0,0.0,0.0,0.0,0.0
23,Kenya,662.0887,100.0,0.81350803,0.12286994606256485,0.0,0.0,0.0,0.0,0.0,0.0,0.0,0.0,0.0,0.0,0.0,0.0,0.0,0.0,0.0,0.0,0.0,0.0,0.0,0.0,0.0,0.0,0.0,0.0,0.0,0.0,0.0,0.0,0.0,0.0,0.0,0.0,0.0,0.0,0.0,0.0,0.0,0.0,0.0,0.0,0.0,0.0,0.0,0.0
24,Lesotho,61.22775,100.0,0.0,0.0,0.0,0.0,0.0,0.0,0.0,0.0,0.0,0.0,0.0,0.0,0.0,0.0,0.0,0.0,0.0,0.0,0.0,0.0,0.0,0.0,0.0,0.0,0.0,0.0,0.0,0.0,0.0,0.0,0.0,0.0,0.0,0.0,0.0,0.0,0.0,0.0,0.0,0.0,0.0,0.0,0.0,0.0,0.0,0.0
25,Liberia,60.302895,100.0,15.127396,25.0856876373291,11.614611,19.260452687740326,6.2120466,10.301406681537628,3.058563,5.072000250220299,0.34299675,0.5687898490577936,0.29135698,0.48315590247511864,0.0,0.0,0.0,0.0,0.0,0.0,0.0,0.0,0.0,0.0,0.0,0.0,0.0,0.0,0.0,0.0,0.0,0.0,0.0,0.0,0.0,0.0,0.0,0.0,0.0,0.0,0.0,0.0,0.0,0.0,0.0,0.0,0.0,0.0
26,Madagascar,129.33313,100.0,3.3347924,2.578451856970787,1.3880365,1.073225773870945,0.74687284,0.5774799268692732,0.74687284,0.5774799268692732,0.1,0.07731970981694758,0.0,0.0,0.0,0.0,0.0,0.0,0.0,0.0,0.0,0.0,0.0,0.0,0.0,0.0,0.0,0.0,0.0,0.0,0.0,0.0,0.0,0.0,0.0,0.0,0.0,0.0,0.0,0.0,0.0,0.0,0.0,0.0,0.0,0.0,0.0,0.0
27,Malawi,151.17188,100.0,1.3250734,0.8765343576669693,0.90123683,0.5961670074611902,0.49764496,0.3291914938017726,0.29108584,0.19255290972068906,0.24636449,0.16296978574246168,0.24636449,0.16296978574246168,0.24636449,0.16296978574246168,0.0,0.0,0.0,0.0,0.0,0.0,0.0,0.0,0.0,0.0,0.0,0.0,0.0,0.0,0.0,0.0,0.0,0.0,0.0,0.0,0.0,0.0,0.0,0.0,0.0,0.0,0.0,0.0,0.0,0.0,0.0,0.0
28,Mali,254.09315,100.0,25.649105,10.094370692968369,18.065678,7.109864056110382,13.639395,5.36787174642086,12.46062,4.90395724773407,8.453324,3.3268604427576065,6.0574646,2.3839542642235756,4.324456,1.7019176855683327,3.3482625,1.3177303597331047,1.9750837,0.7773069199174643,1.7370361,0.6836217828094959,1.2528558,0.49306945875287056,0.48381686,0.19040924962610006,0.18196459,0.07161333924159408,0.0,0.0,0.0,0.0,0.0,0.0,0.0,0.0,0.0,0.0,0.0,0.0,0.0,0.0,0.0,0.0,0.0,0.0,0.0,0.0
29,Mauritania,188.90128,100.0,1.1506485,0.6091268733143806,1.1059271,0.5854524206370115,0.9134954,0.48358351923525333,0.12018504,0.06362320273183286,0.12018504,0.06362320273183286,0.12018504,0.06362320273183286,0.12018504,0.06362320273183286,0.0,0.0,0.0,0.0,0.0,0.0,0.0,0.0,0.0,0.0,0.0,0.0,0.0,0.0,0.0,0.0,0.0,0.0,0.0,0.0,0.0,0.0,0.0,0.0,0.0,0.0,0.0,0.0,0.0,0.0,0.0,0.0
30,Mauritius,0.0,,0.0,,0.0,,0.0,,0.0,,0.0,,0.0,,0.0,,0.0,,0.0,,0.0,,0.0,,0.0,,0.0,,0.0,,0.0,,0.0,,0.0,,0.0,,0.0,,0.0,,0.0,,0.0,,0.0,
31,Mozambique,338.1763,100.0,4.216742,1.2469064444303513,2.8094826,0.8307745680212975,1.7237935,0.5097322165966034,1.1324114,0.33485828898847103,0.47295025,0.1398531603626907,0.1795055,0.05308045074343681,0.0,0.0,0.0,0.0,0.0,0.0,0.0,0.0,0.0,0.0,0.0,0.0,0.0,0.0,0.0,0.0,0.0,0.0,0.0,0.0,0.0,0.0,0.0,0.0,0.0,0.0,0.0,0.0,0.0,0.0,0.0,0.0,0.0,0.0
32,Namibia,110.795166,100.0,1.9853977,1.791953295469284,0.32017532,0.2889794996008277,0.122471,0.11053821071982384,0.049441323,0.04462407960090786,0.0,0.0,0.0,0.0,0.0,0.0,0.0,0.0,0.0,0.0,0.0,0.0,0.0,0.0,0.0,0.0,0.0,0.0,0.0,0.0,0.0,0.0,0.0,0.0,0.0,0.0,0.0,0.0,0.0,0.0,0.0,0.0,0.0,0.0,0.0,0.0,0.0,0.0
33,Niger,131.33203,100.0,3.028041,2.3056376725435257,1.5512036,1.1811312288045883,0.04472136,0.03405213647056371,0.04472136,0.03405213647056371,0.04472136,0.03405213647056371,0.0,0.0,0.0,0.0,0.0,0.0,0.0,0.0,0.0,0.0,0.0,0.0,0.0,0.0,0.0,0.0,0.0,0.0,0.0,0.0,0.0,0.0,0.0,0.0,0.0,0.0,0.0,0.0,0.0,0.0,0.0,0.0,0.0,0.0,0.0,0.0
34,Nigeria,3000.894,100.0,163.66809,5.453977733850479,118.910065,3.9624880999326706,85.514,2.849617414176464,63.759953,2.124698646366596,41.75884,1.3915466144680977,31.406563,1.046573556959629,21.359665,0.7117766886949539,14.954032,0.49831923097372055,9.153523,0.30502653680741787,5.3519855,0.17834636382758617,3.4583275,0.11524324072524905,3.0222542,0.10071179131045938,1.7023864,0.05672930856235325,0.97397995,0.03245632688049227,0.25254261,0.008415579213760793,0.0,0.0,0.0,0.0,0.0,0.0,0.0,0.0,0.0,0.0,0.0,0.0,0.0,0.0,0.0,0.0
35,Senegal,346.36838,100.0,9.819038,2.8348540887236595,4.983629,1.4388233423233032,3.728876,1.0765636339783669,1.0322022,0.29800706543028355,0.8668992,0.25028244126588106,0.405019,0.11693300912156701,0.24585451,0.07098064525052905,0.0,0.0,0.0,0.0,0.0,0.0,0.0,0.0,0.0,0.0,0.0,0.0,0.0,0.0,0.0,0.0,0.0,0.0,0.0,0.0,0.0,0.0,0.0,0.0,0.0,0.0,0.0,0.0,0.0,0.0,0.0,0.0
36,Seychelles,0.0,,0.0,,0.0,,0.0,,0.0,,0.0,,0.0,,0.0,,0.0,,0.0,,0.0,,0.0,,0.0,,0.0,,0.0,,0.0,,0.0,,0.0,,0.0,,0.0,,0.0,,0.0,,0.0,,0.0,
37,Sierra Leone,74.235565,100.0,0.34620556,0.46636080369353294,0.16516902,0.222493102774024,0.16516902,0.222493102774024,0.11352924,0.15293107135221362,0.11352924,0.15293107135221362,0.11352924,0.15293107135221362,0.11352924,0.15293107135221362,0.11352924,0.15293107135221362,0.0,0.0,0.0,0.0,0.0,0.0,0.0,0.0,0.0,0.0,0.0,0.0,0.0,0.0,0.0,0.0,0.0,0.0,0.0,0.0,0.0,0.0,0.0,0.0,0.0,0.0,0.0,0.0,0.0,0.0
38,Somalia,99.094765,100.0,2.7430239,2.7680816128849983,0.7410412,0.7478106301277876,0.1556349,0.15705663245171309,0.0,0.0,0.0,0.0,0.0,0.0,0.0,0.0,0.0,0.0,0.0,0.0,0.0,0.0,0.0,0.0,0.0,0.0,0.0,0.0,0.0,0.0,0.0,0.0,0.0,0.0,0.0,0.0,0.0,0.0,0.0,0.0,0.0,0.0,0.0,0.0,0.0,0.0,0.0,0.0
39,South Africa,4831.4634,100.0,6.521472,0.13497922336682677,2.6037543,0.053891626885160804,1.0047388,0.020795744785573334,0.5196339,0.010755207040347159,0.26542568,0.005493691423907876,0.15390939,0.0031855644920142367,0.15390939,0.0031855644920142367,0.15390939,0.0031855644920142367,0.094280906,0.0019513943698257208,0.0,0.0,0.0,0.0,0.0,0.0,0.0,0.0,0.0,0.0,0.0,0.0,0.0,0.0,0.0,0.0,0.0,0.0,0.0,0.0,0.0,0.0,0.0,0.0,0.0,0.0,0.0,0.0
40,Burundi,49.06897,100.0,0.0,0.0,0.0,0.0,0.0,0.0,0.0,0.0,0.0,0.0,0.0,0.0,0.0,0.0,0.0,0.0,0.0,0.0,0.0,0.0,0.0,0.0,0.0,0.0,0.0,0.0,0.0,0.0,0.0,0.0,0.0,0.0,0.0,0.0,0.0,0.0,0.0,0.0,0.0,0.0,0.0,0.0,0.0,0.0,0.0,0.0
41,Swaziland,62.83081,100.0,0.0,0.0,0.0,0.0,0.0,0.0,0.0,0.0,0.0,0.0,0.0,0.0,0.0,0.0,0.0,0.0,0.0,0.0,0.0,0.0,0.0,0.0,0.0,0.0,0.0,0.0,0.0,0.0,0.0,0.0,0.0,0.0,0.0,0.0,0.0,0.0,0.0,0.0,0.0,0.0,0.0,0.0,0.0,0.0,0.0,0.0
42,Togo,175.3953,100.0,0.07149204,0.0407605228247121,0.07149204,0.0407605228247121,0.0,0.0,0.0,0.0,0.0,0.0,0.0,0.0,0.0,0.0,0.0,0.0,0.0,0.0,0.0,0.0,0.0,0.0,0.0,0.0,0.0,0.0,0.0,0.0,0.0,0.0,0.0,0.0,0.0,0.0,0.0,0.0,0.0,0.0,0.0,0.0,0.0,0.0,0.0,0.0,0.0,0.0
43,Uganda,378.9993,100.0,0.07745967,0.020437945204321295,0.07745967,0.020437945204321295,0.0,0.0,0.0,0.0,0.0,0.0,0.0,0.0,0.0,0.0,0.0,0.0,0.0,0.0,0.0,0.0,0.0,0.0,0.0,0.0,0.0,0.0,0.0,0.0,0.0,0.0,0.0,0.0,0.0,0.0,0.0,0.0,0.0,0.0,0.0,0.0,0.0,0.0,0.0,0.0,0.0,0.0
44,United Republic of Tanzania,738.4598,100.0,1.3447437,0.18210114212706685,1.0100458,0.13677736278623343,0.89078885,0.12062794994562864,0.4505242,0.06100863101892173,0.20923139,0.028333484078757465,0.20923139,0.028333484078757465,0.20923139,0.028333484078757465,0.0,0.0,0.0,0.0,0.0,0.0,0.0,0.0,0.0,0.0,0.0,0.0,0.0,0.0,0.0,0.0,0.0,0.0,0.0,0.0,0.0,0.0,0.0,0.0,0.0,0.0,0.0,0.0,0.0,0.0,0.0,0.0
45,Zambia,299.22543,100.0,0.13108586,0.043808395275846124,0.033333335,0.011139873822685331,0.033333335,0.011139873822685331,0.033333335,0.011139873822685331,0.0,0.0,0.0,0.0,0.0,0.0,0.0,0.0,0.0,0.0,0.0,0.0,0.0,0.0,0.0,0.0,0.0,0.0,0.0,0.0,0.0,0.0,0.0,0.0,0.0,0.0,0.0,0.0,0.0,0.0,0.0,0.0,0.0,0.0,0.0,0.0,0.0,0.0
46,Zimbabwe,373.1499,100.0,0.0,0.0,0.0,0.0,0.0,0.0,0.0,0.0,0.0,0.0,0.0,0.0,0.0,0.0,0.0,0.0,0.0,0.0,0.0,0.0,0.0,0.0,0.0,0.0,0.0,0.0,0.0,0.0,0.0,0.0,0.0,0.0,0.0,0.0,0.0,0.0,0.0,0.0,0.0,0.0,0.0,0.0,0.0,0.0,0.0,0.0
47,Algeria,43429.67,100.0,6.5544987,0.015092213288880885,6.5544987,0.015092213288880885,5.0226154,0.011564939632080495,5.0226154,0.011564939632080495,5.0226154,0.011564939632080495,0.0,0.0,0.0,0.0,0.0,0.0,0.0,0.0,0.0,0.0,0.0,0.0,0.0,0.0,0.0,0.0,0.0,0.0,0.0,0.0,0.0,0.0,0.0,0.0,0.0,0.0,0.0,0.0,0.0,0.0,0.0,0.0,0.0,0.0,0.0,0.0
48,Abyei,0.275681,100.0,0.275681,100.0,0.275681,100.0,0.275681,100.0,0.275681,100.0,0.0,0.0,0.0,0.0,0.0,0.0,0.0,0.0,0.0,0.0,0.0,0.0,0.0,0.0,0.0,0.0,0.0,0.0,0.0,0.0,0.0,0.0,0.0,0.0,0.0,0.0,0.0,0.0,0.0,0.0,0.0,0.0,0.0,0.0,0.0,0.0,0.0,0.0
49,Libya,9675.033,100.0,0.0,0.0,0.0,0.0,0.0,0.0,0.0,0.0,0.0,0.0,0.0,0.0,0.0,0.0,0.0,0.0,0.0,0.0,0.0,0.0,0.0,0.0,0.0,0.0,0.0,0.0,0.0,0.0,0.0,0.0,0.0,0.0,0.0,0.0,0.0,0.0,0.0,0.0,0.0,0.0,0.0,0.0,0.0,0.0,0.0,0.0
50,Morocco,35478.25,100.0,134.13002,0.3780626691877842,60.007324,0.1691383426077664,34.019703,0.09588889661245048,5.4271955,0.015297246864065528,0.56568545,0.001594456989550963,0.0,0.0,0.0,0.0,0.0,0.0,0.0,0.0,0.0,0.0,0.0,0.0,0.0,0.0,0.0,0.0,0.0,0.0,0.0,0.0,0.0,0.0,0.0,0.0,0.0,0.0,0.0,0.0,0.0,0.0,0.0,0.0,0.0,0.0,0.0,0.0
51,Rwanda,141.16838,100.0,0.0,0.0,0.0,0.0,0.0,0.0,0.0,0.0,0.0,0.0,0.0,0.0,0.0,0.0,0.0,0.0,0.0,0.0,0.0,0.0,0.0,0.0,0.0,0.0,0.0,0.0,0.0,0.0,0.0,0.0,0.0,0.0,0.0,0.0,0.0,0.0,0.0,0.0,0.0,0.0,0.0,0.0,0.0,0.0,0.0,0.0
52,Sao Tome and Principe,6.3235598,100.0,0.0,0.0,0.0,0.0,0.0,0.0,0.0,0.0,0.0,0.0,0.0,0.0,0.0,0.0,0.0,0.0,0.0,0.0,0.0,0.0,0.0,0.0,0.0,0.0,0.0,0.0,0.0,0.0,0.0,0.0,0.0,0.0,0.0,0.0,0.0,0.0,0.0,0.0,0.0,0.0,0.0,0.0,0.0,0.0,0.0,0.0
53,Tunisia,12874.575,100.0,4.1988425,0.03261344390921295,0.0,0.0,0.0,0.0,0.0,0.0,0.0,0.0,0.0,0.0,0.0,0.0,0.0,0.0,0.0,0.0,0.0,0.0,0.0,0.0,0.0,0.0,0.0,0.0,0.0,0.0,0.0,0.0,0.0,0.0,0.0,0.0,0.0,0.0,0.0,0.0,0.0,0.0,0.0,0.0,0.0,0.0,0.0,0.0
54,Western Sahara,946.6562,100.0,0.0,0.0,0.0,0.0,0.0,0.0,0.0,0.0,0.0,0.0,0.0,0.0,0.0,0.0,0.0,0.0,0.0,0.0,0.0,0.0,0.0,0.0,0.0,0.0,0.0,0.0,0.0,0.0,0.0,0.0,0.0,0.0,0.0,0.0,0.0,0.0,0.0,0.0,0.0,0.0,0.0,0.0,0.0,0.0,0.0,0.0
55,Hala'ib triangle,15.379894,100.0,0.0,0.0,0.0,0.0,0.0,0.0,0.0,0.0,0.0,0.0,0.0,0.0,0.0,0.0,0.0,0.0,0.0,0.0,0.0,0.0,0.0,0.0,0.0,0.0,0.0,0.0,0.0,0.0,0.0,0.0,0.0,0.0,0.0,0.0,0.0,0.0,0.0,0.0,0.0,0.0,0.0,0.0,0.0,0.0,0.0,0.0
56,Ma'tan al-Sarra,0.0,,0.0,,0.0,,0.0,,0.0,,0.0,,0.0,,0.0,,0.0,,0.0,,0.0,,0.0,,0.0,,0.0,,0.0,,0.0,,0.0,,0.0,,0.0,,0.0,,0.0,,0.0,,0.0,,0.0,
57,Egypt,70399.086,100.0,25433.889,36.128151416778564,15512.9795,22.035768628120422,7783.9253,11.056855320930481,3498.0364,4.96886633336544,1597.4742,2.269168943166733,684.74677,0.972664263099432,304.1383,0.43202023953199387,127.12513,0.18057781271636486,28.539381,0.04053942102473229,4.3356266,0.006158640462672338,0.0,0.0,0.0,0.0,0.0,0.0,0.0,0.0,0.0,0.0,0.0,0.0,0.0,0.0,0.0,0.0,0.0,0.0,0.0,0.0,0.0,0.0,0.0,0.0,0.0,0.0
58,Ilemi triangle,0.0,,0.0,,0.0,,0.0,,0.0,,0.0,,0.0,,0.0,,0.0,,0.0,,0.0,,0.0,,0.0,,0.0,,0.0,,0.0,,0.0,,0.0,,0.0,,0.0,,0.0,,0.0,,0.0,,0.0,
